{
  "metadata": {
    "soundFile": "C:\\Users\\kenne\\gpt4all_voice\\audio\\Bye.wav",
    "duration": 3.36
  },
  "mouthCues": [
    { "start": 0.00, "end": 0.11, "value": "X" },
    { "start": 0.11, "end": 0.16, "value": "B" },
    { "start": 0.16, "end": 0.28, "value": "C" },
    { "start": 0.28, "end": 0.42, "value": "B" },
    { "start": 0.42, "end": 0.56, "value": "C" },
    { "start": 0.56, "end": 0.63, "value": "F" },
    { "start": 0.63, "end": 0.70, "value": "E" },
    { "start": 0.70, "end": 0.84, "value": "A" },
    { "start": 0.84, "end": 1.03, "value": "C" },
    { "start": 1.03, "end": 1.17, "value": "B" },
    { "start": 1.17, "end": 1.24, "value": "C" },
    { "start": 1.24, "end": 1.32, "value": "A" },
    { "start": 1.32, "end": 1.59, "value": "C" },
    { "start": 1.59, "end": 1.66, "value": "E" },
    { "start": 1.66, "end": 1.73, "value": "F" },
    { "start": 1.73, "end": 2.01, "value": "B" },
    { "start": 2.01, "end": 2.15, "value": "E" },
    { "start": 2.15, "end": 2.50, "value": "B" },
    { "start": 2.50, "end": 2.57, "value": "C" },
    { "start": 2.57, "end": 2.64, "value": "B" },
    { "start": 2.64, "end": 2.92, "value": "C" },
    { "start": 2.92, "end": 3.13, "value": "B" },
    { "start": 3.13, "end": 3.36, "value": "X" }
  ]
}
