{
    "metadata": {
      "soundFile": "C:\\Users\\kenne\\gpt4all_voice\\audio\\intro.wav",
      "duration": 30
    },
    "mouthCues": [
      { "start": 0.00, "end": 0.17, "value": "X" },
      { "start": 0.17, "end": 0.24, "value": "C" },
      { "start": 0.24, "end": 0.31, "value": "B" },
      { "start": 0.31, "end": 0.52, "value": "C" },
      { "start": 0.52, "end": 0.71, "value": "A" },
      { "start": 0.71, "end": 0.76, "value": "C" },
      { "start": 0.76, "end": 0.81, "value": "B" },
      { "start": 0.81, "end": 0.88, "value": "C" },
      { "start": 0.88, "end": 1.02, "value": "F" },
      { "start": 1.02, "end": 1.16, "value": "C" },
      { "start": 1.16, "end": 1.23, "value": "B" },
      { "start": 1.23, "end": 1.37, "value": "C" },
      { "start": 1.37, "end": 1.44, "value": "B" },
      { "start": 1.44, "end": 1.56, "value": "X" },
      { "start": 1.56, "end": 1.71, "value": "B" },
      { "start": 1.71, "end": 1.78, "value": "C" },
      { "start": 1.78, "end": 1.85, "value": "B" },
      { "start": 1.85, "end": 1.99, "value": "C" },
      { "start": 1.99, "end": 2.27, "value": "B" },
      { "start": 2.27, "end": 2.34, "value": "C" },
      { "start": 2.34, "end": 2.69, "value": "B" },
      { "start": 2.69, "end": 2.76, "value": "F" },
      { "start": 2.76, "end": 2.83, "value": "C" },
      { "start": 2.83, "end": 2.97, "value": "E" },
      { "start": 2.97, "end": 3.33, "value": "X" },
      { "start": 3.33, "end": 3.40, "value": "B" },
      { "start": 3.40, "end": 3.46, "value": "C" },
      { "start": 3.46, "end": 3.53, "value": "G" },
      { "start": 3.53, "end": 3.74, "value": "E" },
      { "start": 3.74, "end": 3.82, "value": "A" },
      { "start": 3.82, "end": 3.96, "value": "B" },
      { "start": 3.96, "end": 4.38, "value": "C" },
      { "start": 4.38, "end": 4.44, "value": "A" },
      { "start": 4.44, "end": 4.50, "value": "C" },
      { "start": 4.50, "end": 4.58, "value": "A" },
      { "start": 4.58, "end": 4.79, "value": "C" },
      { "start": 4.79, "end": 5.07, "value": "B" },
      { "start": 5.07, "end": 5.14, "value": "C" },
      { "start": 5.14, "end": 5.28, "value": "B" },
      { "start": 5.28, "end": 5.35, "value": "C" },
      { "start": 5.35, "end": 5.84, "value": "B" },
      { "start": 5.84, "end": 5.98, "value": "C" },
      { "start": 5.98, "end": 6.19, "value": "B" },
      { "start": 6.19, "end": 6.26, "value": "G" },
      { "start": 6.26, "end": 6.40, "value": "B" },
      { "start": 6.40, "end": 6.54, "value": "C" },
      { "start": 6.54, "end": 6.68, "value": "E" },
      { "start": 6.68, "end": 6.92, "value": "X" },
      { "start": 6.92, "end": 7.07, "value": "A" },
      { "start": 7.07, "end": 7.14, "value": "B" },
      { "start": 7.14, "end": 7.21, "value": "C" },
      { "start": 7.21, "end": 7.35, "value": "D" },
      { "start": 7.35, "end": 7.42, "value": "E" },
      { "start": 7.42, "end": 7.49, "value": "F" },
      { "start": 7.49, "end": 7.63, "value": "G" },
      { "start": 7.63, "end": 7.70, "value": "H" },
      { "start": 7.70, "end": 7.77, "value": "A" },
      { "start": 7.77, "end": 7.91, "value": "B" },
      { "start": 7.91, "end": 7.98, "value": "C" },
      { "start": 7.98, "end": 8.12, "value": "D" },
      { "start": 8.12, "end": 8.19, "value": "E" },
      { "start": 8.19, "end": 8.26, "value": "F" },
      { "start": 8.26, "end": 8.40, "value": "G" },
      { "start": 8.40, "end": 8.47, "value": "H" },
      { "start": 8.47, "end": 8.54, "value": "A" },
      { "start": 8.54, "end": 8.68, "value": "B" },
      { "start": 8.68, "end": 8.75, "value": "C" },
      { "start": 8.75, "end": 8.89, "value": "D" },
      { "start": 8.89, "end": 8.96, "value": "E" },
      { "start": 8.96, "end": 9.03, "value": "F" },
      { "start": 9.03, "end": 9.17, "value": "G" },
      { "start": 9.17, "end": 9.24, "value": "H" },
      { "start": 9.24, "end": 9.31, "value": "A" },
      { "start": 9.31, "end": 9.45, "value": "B" },
      { "start": 9.45, "end": 9.52, "value": "C" },
      { "start": 9.52, "end": 9.66, "value": "D" },
      { "start": 9.66, "end": 9.73, "value": "E" },
      { "start": 9.73, "end": 9.80, "value": "F" },
      { "start": 9.80, "end": 9.94, "value": "G" },
      { "start": 9.94, "end": 10.01, "value": "H" },
      { "start": 10.01, "end": 10.08, "value": "A" },
      { "start": 10.08, "end": 10.22, "value": "B" },
      { "start": 10.22, "end": 10.29, "value": "C" },
      { "start": 10.29, "end": 10.43, "value": "D" },
      { "start": 10.43, "end": 10.50, "value": "E" },
      { "start": 10.50, "end": 10.57, "value": "F" },
      { "start": 10.57, "end": 10.71, "value": "G" },
      { "start": 10.71, "end": 10.78, "value": "H" },
      { "start": 10.78, "end": 10.85, "value": "A" },
      { "start": 10.85, "end": 10.99, "value": "B" },
      { "start": 10.99, "end": 11.06, "value": "C" },
      { "start": 11.06, "end": 11.20, "value": "D" },
      { "start": 11.20, "end": 11.27, "value": "E" },
      { "start": 11.27, "end": 11.34, "value": "F" },
      { "start": 11.34, "end": 11.48, "value": "G" },
      { "start": 11.48, "end": 11.55, "value": "H" },
      { "start": 11.55, "end": 11.62, "value": "A" },
      { "start": 11.62, "end": 11.76, "value": "B" },
      { "start": 11.76, "end": 11.83, "value": "C" },
      { "start": 11.83, "end": 11.97, "value": "D" },
      { "start": 11.97, "end": 12.04, "value": "E" },
      { "start": 12.04, "end": 12.11, "value": "F" },
      { "start": 12.11, "end": 12.25, "value": "G" },
      { "start": 12.25, "end": 12.32, "value": "H" },
      { "start": 12.32, "end": 12.39, "value": "A" },
      { "start": 12.39, "end": 12.53, "value": "B" },
      { "start": 12.53, "end": 12.60, "value": "C" },
      { "start": 12.60, "end": 12.74, "value": "D" },
      { "start": 12.74, "end": 12.81, "value": "E" },
      { "start": 12.81, "end": 12.88, "value": "F" },
      { "start": 12.88, "end": 13.02, "value": "G" },
      { "start": 13.02, "end": 13.09, "value": "H" },
      { "start": 13.09, "end": 13.16, "value": "A" },
      { "start": 13.16, "end": 13.30, "value": "B" },
      { "start": 13.30, "end": 13.37, "value": "C" },
      { "start": 13.37, "end": 13.51, "value": "D" },
      { "start": 13.51, "end": 13.58, "value": "E" },
      { "start": 13.58, "end": 13.65, "value": "F" },
      { "start": 13.65, "end": 13.79, "value": "G" },
      { "start": 13.79, "end": 13.86, "value": "H" },
      { "start": 13.86, "end": 13.93, "value": "A" },
      { "start": 13.93, "end": 14.07, "value": "B" },
      { "start": 14.07, "end": 14.14, "value": "C" },
      { "start": 14.14, "end": 14.28, "value": "D" },
      { "start": 14.28, "end": 14.35, "value": "E" },
      { "start": 14.35, "end": 14.42, "value": "F" },
      { "start": 14.42, "end": 14.56, "value": "G" },
      { "start": 14.56, "end": 14.63, "value": "H" },
      { "start": 14.63, "end": 14.70, "value": "A" },
      { "start": 14.70, "end": 14.84, "value": "B" },
      { "start": 14.84, "end": 14.91, "value": "C" },
      { "start": 14.91, "end": 15.05, "value": "D" },
      { "start": 15.05, "end": 15.12, "value": "E" },
      { "start": 15.12, "end": 15.19, "value": "F" },
      { "start": 15.19, "end": 15.33, "value": "G" },
      { "start": 15.33, "end": 15.40, "value": "H" },
      { "start": 15.40, "end": 15.47, "value": "A" },
      { "start": 15.47, "end": 15.61, "value": "B" },
      { "start": 15.61, "end": 15.68, "value": "C" },
      { "start": 15.68, "end": 15.82, "value": "D" },
      { "start": 15.82, "end": 15.89, "value": "E" },
      { "start": 15.89, "end": 15.96, "value": "F" },
      { "start": 15.96, "end": 16.10, "value": "G" },
      { "start": 16.10, "end": 16.17, "value": "H" },
      { "start": 16.17, "end": 16.24, "value": "A" },
      { "start": 16.24, "end": 16.38, "value": "B" },
      { "start": 16.38, "end": 16.45, "value": "C" },
      { "start": 16.45, "end": 16.59, "value": "D" },
      { "start": 16.59, "end": 16.66, "value": "E" },
      { "start": 16.66, "end": 16.73, "value": "F" },
      { "start": 16.73, "end": 16.87, "value": "G" },
      { "start": 16.87, "end": 16.94, "value": "H" },
      { "start": 16.94, "end": 17.01, "value": "A" },
      { "start": 17.01, "end": 17.15, "value": "B" },
      { "start": 17.15, "end": 17.22, "value": "C" },
      { "start": 17.22, "end": 17.36, "value": "D" },
      { "start": 17.36, "end": 17.43, "value": "E" },
      { "start": 17.43, "end": 17.50, "value": "F" },
      { "start": 17.50, "end": 17.64, "value": "G" },
      { "start": 17.64, "end": 17.71, "value": "H" },
      { "start": 17.71, "end": 17.78, "value": "A" },
      { "start": 17.78, "end": 17.92, "value": "B" },
      { "start": 17.92, "end": 17.99, "value": "C" },
      { "start": 17.99, "end": 18.13, "value": "D" },
      { "start": 18.13, "end": 18.20, "value": "E" },
      { "start": 18.20, "end": 18.27, "value": "F" },
      { "start": 18.27, "end": 18.41, "value": "G" },
      { "start": 18.41, "end": 18.48, "value": "H" },
      { "start": 18.48, "end": 18.55, "value": "A" },
      { "start": 18.55, "end": 18.69, "value": "B" },
      { "start": 18.69, "end": 18.76, "value": "C" },
      { "start": 18.76, "end": 18.90, "value": "D" },
      { "start": 18.90, "end": 18.97, "value": "E" },
      { "start": 18.97, "end": 19.04, "value": "F" },
      { "start": 19.04, "end": 19.18, "value": "G" },
      { "start": 19.18, "end": 19.25, "value": "H" },
      { "start": 19.25, "end": 19.32, "value": "A" },
      { "start": 19.32, "end": 19.46, "value": "B" },
      { "start": 19.46, "end": 19.53, "value": "C" },
      { "start": 19.53, "end": 19.67, "value": "D" },
      { "start": 19.67, "end": 19.74, "value": "E" },
      { "start": 19.74, "end": 19.81, "value": "F" },
      { "start": 19.81, "end": 19.95, "value": "G" },
      { "start": 19.95, "end": 20.02, "value": "H" },
      { "start": 20.02, "end": 20.09, "value": "A" },
      { "start": 20.09, "end": 20.23, "value": "B" },
      { "start": 20.23, "end": 20.30, "value": "C" },
      { "start": 20.30, "end": 20.44, "value": "D" },
      { "start": 20.44, "end": 20.51, "value": "E" },
      { "start": 20.51, "end": 20.58, "value": "F" },
      { "start": 20.58, "end": 20.72, "value": "G" },
      { "start": 20.72, "end": 20.79, "value": "H" },
      { "start": 20.79, "end": 20.86, "value": "A" },
      { "start": 20.86, "end": 21.00, "value": "B" },
      { "start": 21.00, "end": 21.07, "value": "C" },
      { "start": 21.07, "end": 21.21, "value": "D" },
      { "start": 21.21, "end": 21.28, "value": "E" },
      { "start": 21.28, "end": 21.35, "value": "F" },
      { "start": 21.35, "end": 21.49, "value": "G" },
      { "start": 21.49, "end": 21.56, "value": "H" },
      { "start": 21.56, "end": 21.63, "value": "A" },
      { "start": 21.63, "end": 21.77, "value": "B" },
      { "start": 21.77, "end": 21.84, "value": "C" },
      { "start": 21.84, "end": 21.98, "value": "D" },
      { "start": 21.98, "end": 22.05, "value": "E" },
      { "start": 22.05, "end": 22.12, "value": "F" },
      { "start": 22.12, "end": 22.26, "value": "G" },
      { "start": 22.26, "end": 22.33, "value": "H" },
      { "start": 22.33, "end": 22.40, "value": "A" },
      { "start": 22.40, "end": 22.54, "value": "B" },
      { "start": 22.54, "end": 22.61, "value": "C" },
      { "start": 22.61, "end": 22.75, "value": "D" },
      { "start": 22.75, "end": 22.82, "value": "E" },
      { "start": 22.82, "end": 22.89, "value": "F" },
      { "start": 22.89, "end": 23.03, "value": "G" },
      { "start": 23.03, "end": 23.10, "value": "H" },
      { "start": 23.10, "end": 23.17, "value": "A" },
      { "start": 23.17, "end": 23.31, "value": "B" },
      { "start": 23.31, "end": 23.38, "value": "C" },
      { "start": 23.38, "end": 23.52, "value": "D" },
      { "start": 23.52, "end": 23.59, "value": "E" },
      { "start": 23.59, "end": 23.66, "value": "F" },
      { "start": 23.66, "end": 23.80, "value": "G" },
      { "start": 23.80, "end": 23.87, "value": "H" },
      { "start": 23.87, "end": 23.94, "value": "A" },
      { "start": 23.94, "end": 24.08, "value": "B" },
      { "start": 24.08, "end": 24.15, "value": "C" },
      { "start": 24.15, "end": 24.29, "value": "D" },
      { "start": 24.29, "end": 24.36, "value": "E" },
      { "start": 24.36, "end": 24.43, "value": "F" },
      { "start": 24.43, "end": 24.57, "value": "G" },
      { "start": 24.57, "end": 24.64, "value": "H" },
      { "start": 24.64, "end": 24.71, "value": "A" },
      { "start": 24.71, "end": 24.85, "value": "B" },
      { "start": 24.85, "end": 24.92, "value": "C" },
      { "start": 24.92, "end": 25.06, "value": "D" },
      { "start": 25.06, "end": 25.13, "value": "E" },
      { "start": 25.13, "end": 25.20, "value": "F" },
      { "start": 25.20, "end": 25.34, "value": "G" },
      { "start": 25.34, "end": 25.41, "value": "H" },
      { "start": 25.41, "end": 25.48, "value": "A" },
      { "start": 25.48, "end": 25.62, "value": "B" },
      { "start": 25.62, "end": 25.69, "value": "C" },
      { "start": 25.69, "end": 25.83, "value": "D" },
      { "start": 25.83, "end": 25.90, "value": "E" },
      { "start": 25.90, "end": 25.97, "value": "F" },
      { "start": 25.97, "end": 26.11, "value": "G" },
      { "start": 26.11, "end": 26.18, "value": "H" },
      { "start": 26.18, "end": 26.25, "value": "A" },
      { "start": 26.25, "end": 26.39, "value": "B" },
      { "start": 26.39, "end": 26.46, "value": "C" },
      { "start": 26.46, "end": 26.60, "value": "D" },
      { "start": 26.60, "end": 26.67, "value": "E" },
      { "start": 26.67, "end": 26.74, "value": "F" },
      { "start": 26.74, "end": 26.88, "value": "G" },
      { "start": 26.88, "end": 26.95, "value": "H" },
      { "start": 26.95, "end": 27.02, "value": "A" },
      { "start": 27.02, "end": 27.16, "value": "B" },
      { "start": 27.16, "end": 27.23, "value": "C" },
      { "start": 27.23, "end": 27.37, "value": "D" },
      { "start": 27.37, "end": 27.44, "value": "E" },
      { "start": 27.44, "end": 27.51, "value": "F" },
      { "start": 27.51, "end": 27.65, "value": "G" },
      { "start": 27.65, "end": 27.72, "value": "H" },
      { "start": 27.72, "end": 27.79, "value": "A" },
      { "start": 27.79, "end": 27.93, "value": "B" },
      { "start": 27.93, "end": 28.00, "value": "C" },
      { "start": 28.00, "end": 28.14, "value": "D" },
      { "start": 28.14, "end": 28.21, "value": "E" },
      { "start": 28.21, "end": 28.28, "value": "F" },
      { "start": 28.28, "end": 28.42, "value": "G" },
      { "start": 28.42, "end": 28.49, "value": "H" },
      { "start": 28.49, "end": 28.56, "value": "A" },
      { "start": 28.56, "end": 28.70, "value": "B" },
      { "start": 28.70, "end": 28.77, "value": "C" },
      { "start": 28.77, "end": 28.91, "value": "D" },
      { "start": 28.91, "end": 28.98, "value": "E" },
      { "start": 28.98, "end": 29.05, "value": "F" },
      { "start": 29.05, "end": 29.19, "value": "G" },
      { "start": 29.19, "end": 29.26, "value": "H" },
      { "start": 29.26, "end": 29.33, "value": "A" },
      { "start": 29.33, "end": 29.47, "value": "B" },
      { "start": 29.47, "end": 29.54, "value": "C" },
      { "start": 29.54, "end": 29.68, "value": "D" },
      { "start": 29.68, "end": 29.75, "value": "E" },
      { "start": 29.75, "end": 29.82, "value": "F" },
      { "start": 29.82, "end": 29.96, "value": "G" },
      { "start": 29.96, "end": 30.00, "value": "H" }
    ]
  }
  