{
  "metadata": {
    "soundFile": "C:\\Users\\kenne\\gpt4all_voice\\audio\\intro2.wav",
    "duration": 4.49
  },
  "mouthCues": [
    { "start": 0.00, "end": 0.18, "value": "X" },
    { "start": 0.18, "end": 0.76, "value": "B" },
    { "start": 0.76, "end": 1.01, "value": "X" },
    { "start": 1.01, "end": 1.05, "value": "B" },
    { "start": 1.05, "end": 1.09, "value": "C" },
    { "start": 1.09, "end": 1.23, "value": "B" },
    { "start": 1.23, "end": 1.31, "value": "A" },
    { "start": 1.31, "end": 1.89, "value": "C" },
    { "start": 1.89, "end": 2.24, "value": "B" },
    { "start": 2.24, "end": 2.32, "value": "A" },
    { "start": 2.32, "end": 2.40, "value": "F" },
    { "start": 2.40, "end": 2.48, "value": "A" },
    { "start": 2.48, "end": 2.80, "value": "C" },
    { "start": 2.80, "end": 3.07, "value": "X" },
    { "start": 3.07, "end": 3.12, "value": "B" },
    { "start": 3.12, "end": 3.17, "value": "C" },
    { "start": 3.17, "end": 3.24, "value": "B" },
    { "start": 3.24, "end": 3.32, "value": "A" },
    { "start": 3.32, "end": 3.54, "value": "B" },
    { "start": 3.54, "end": 3.68, "value": "F" },
    { "start": 3.68, "end": 3.75, "value": "B" },
    { "start": 3.75, "end": 3.82, "value": "C" },
    { "start": 3.82, "end": 3.96, "value": "B" },
    { "start": 3.96, "end": 4.03, "value": "C" },
    { "start": 4.03, "end": 4.10, "value": "E" },
    { "start": 4.10, "end": 4.24, "value": "B" },
    { "start": 4.24, "end": 4.49, "value": "X" }
  ]
}
