{
  "metadata": {
    "soundFile": "C:\\Users\\kenne\\gpt4all_voice\\audio\\intro.wav",
    "duration": 30
  },
  "mouthCues": [
    { "start": 0.00, "end": 0.17, "value": "X" },
    { "start": 0.17, "end": 0.24, "value": "C" },
    { "start": 0.24, "end": 0.31, "value": "B" },
    { "start": 0.31, "end": 0.52, "value": "C" },
    { "start": 0.52, "end": 0.71, "value": "A" },
    { "start": 0.71, "end": 0.76, "value": "C" },
    { "start": 0.76, "end": 0.81, "value": "B" },
    { "start": 0.81, "end": 0.88, "value": "C" },
    { "start": 0.88, "end": 1.02, "value": "F" },
    { "start": 1.02, "end": 1.16, "value": "C" },
    { "start": 1.16, "end": 1.23, "value": "B" },
    { "start": 1.23, "end": 1.37, "value": "C" },
    { "start": 1.37, "end": 1.44, "value": "B" },
    { "start": 1.44, "end": 1.56, "value": "X" },
    { "start": 1.56, "end": 1.71, "value": "B" },
    { "start": 1.71, "end": 1.78, "value": "C" },
    { "start": 1.78, "end": 1.85, "value": "B" },
    { "start": 1.85, "end": 1.99, "value": "C" },
    { "start": 1.99, "end": 2.27, "value": "B" },
    { "start": 2.27, "end": 2.34, "value": "C" },
    { "start": 2.34, "end": 2.69, "value": "B" },
    { "start": 2.69, "end": 2.76, "value": "F" },
    { "start": 2.76, "end": 2.83, "value": "C" },
    { "start": 2.83, "end": 2.97, "value": "E" },
    { "start": 2.97, "end": 3.33, "value": "X" },
    { "start": 3.33, "end": 3.40, "value": "B" },
    { "start": 3.40, "end": 3.46, "value": "C" },
    { "start": 3.46, "end": 3.53, "value": "G" },
    { "start": 3.53, "end": 3.74, "value": "E" },
    { "start": 3.74, "end": 3.82, "value": "A" },
    { "start": 3.82, "end": 3.96, "value": "B" },
    { "start": 3.96, "end": 4.38, "value": "C" },
    { "start": 4.38, "end": 4.44, "value": "A" },
    { "start": 4.44, "end": 4.50, "value": "C" },
    { "start": 4.50, "end": 4.58, "value": "A" },
    { "start": 4.58, "end": 4.79, "value": "C" },
    { "start": 4.79, "end": 5.07, "value": "B" },
    { "start": 5.07, "end": 5.14, "value": "C" },
    { "start": 5.14, "end": 5.28, "value": "B" },
    { "start": 5.28, "end": 5.35, "value": "C" },
    { "start": 5.35, "end": 5.84, "value": "B" },
    { "start": 5.84, "end": 5.98, "value": "C" },
    { "start": 5.98, "end": 6.19, "value": "B" },
    { "start": 6.19, "end": 6.26, "value": "G" },
    { "start": 6.26, "end": 6.40, "value": "B" },
    { "start": 6.40, "end": 6.54, "value": "C" },
    { "start": 6.54, "end": 6.68, "value": "E" },
    { "start": 6.68, "end": 6.92, "value": "X" }
  ]
}
